{"count":1,"self":16.2956592,"total":16.3043175,"children":{"AgentResetIfDone":{"count":717,"self":0.0033063999999999997,"total":0.0033063999999999997,"children":null},"AgentSendState":{"count":717,"self":0,"total":0,"children":null},"DecideAction":{"count":717,"self":0.00079269999999999992,"total":0.00079269999999999992,"children":null},"AcademyStep":{"count":717,"self":0.0017666,"total":0.0017666,"children":null},"AgentAct":{"count":717,"self":0.0007938,"total":0.0007938,"children":null}}}