{
  "name": "root",
  "gauges": [
    {
      "name": "BarbarianBrain.mean_reward",
      "value": 13.0,
      "min": 1.472727271643552,
      "max": 47.0,
      "count": 48
    }
  ],
  "total": 519.2003923,
  "count": 1,
  "self": 43.65757099999598,
  "children": [
    {
      "name": "TrainerController.advance",
      "total": 475.542821300004,
      "count": 50001,
      "self": 65.76531180000507,
      "children": [
        {
          "name": "env_step",
          "total": 374.98174219999885,
          "count": 50001,
          "self": 318.9570839999958,
          "children": [
            {
              "name": "SubprocessEnvManager._take_step",
              "total": 55.30980370000469,
              "count": 50001,
              "self": 1.5791896000022732,
              "children": [
                {
                  "name": "PPOPolicy.evaluate",
                  "total": 53.73061410000242,
                  "count": 50001,
                  "self": 53.73061410000242
                }
              ]
            },
            {
              "name": "workers",
              "total": 0.7148544999983706,
              "count": 50001,
              "self": 0.0,
              "children": [
                {
                  "name": "worker_root",
                  "total": 516.0117037000022,
                  "count": 50001,
                  "is_parallel": true,
                  "self": 239.63147089999882,
                  "children": [
                    {
                      "name": "UnityEnvironment.step",
                      "total": 276.38023280000334,
                      "count": 50001,
                      "is_parallel": true,
                      "self": 11.891608600003792,
                      "children": [
                        {
                          "name": "UnityEnvironment._generate_step_input",
                          "total": 3.5070595999993994,
                          "count": 50001,
                          "is_parallel": true,
                          "self": 3.5070595999993994
                        },
                        {
                          "name": "communicator.exchange",
                          "total": 260.9815646000001,
                          "count": 50001,
                          "is_parallel": true,
                          "self": 260.9815646000001
                        }
                      ]
                    }
                  ]
                }
              ]
            }
          ]
        },
        {
          "name": "update_policy",
          "total": 34.795767300000065,
          "count": 387,
          "self": 5.852278200002992,
          "children": [
            {
              "name": "PPOPolicy.update",
              "total": 28.943489099997073,
              "count": 14682,
              "self": 28.943489099997073
            }
          ]
        }
      ]
    }
  ]
}